CNT	TIME	TIME_TICK	FPOGX	FPOGY	FPOGS	FPOGD	FPOGID	FPOGV	LPOGX	LPOGY	LPOGV	RPOGX	RPOGY	RPOGV	BPOGX	BPOGY	BPOGV	LPCX	LPCY	LPD	LPS	LPV	RPCX	RPCY	RPD	RPS	RPV	LEYEX	LEYEY	LEYEZ	LPUPILD	LPUPILV	REYEX	REYEY	REYEZ	RPUPILD	RPUPILV	CX	CY	CS	BKID	BKDUR	BKPMIN	LPMM	LPMMV	RPMM	RPMMV	DIAL	DIALV	GSR	GSRV	HR	HRV	HRP	TTL0	TTL1	TTLV	USER
5112	84.20571	10210812140708	0.00000	0.00000	33.67596	0.06472	11	0	0.00000	0.00000	0	0.00000	0.00000	0	0.00000	0.00000	0	0.38336	0.13145	9.86747	1.00000	0	0.36810	0.13025	6.67403	1.00000	0	0.00000	0.00000	0.00000	0.00000	0	-0.02704	0.09582	0.79604	0.00000	1	0.63802	0.80370	0	0	0.00000	0	0.00000	0	0.00000	0	0.00000	0	0	0	0	0	0	1	1	0	0
5113	84.22511	10210812334619	0.00000	0.00000	33.67596	0.06472	11	0	0.00000	0.00000	0	0.00000	0.00000	0	0.00000	0.00000	0	0.38336	0.13145	9.86747	1.00000	0	0.36810	0.13025	6.67403	1.00000	0	0.00000	0.00000	0.00000	0.00000	0	-0.02704	0.09582	0.79604	0.00000	1	0.63802	0.80370	0	0	0.00000	0	0.00000	0	0.00000	0	0.00000	0	0	0	0	0	0	1	1	0	START_TEXT
5114	84.23792	10210812462850	0.00000	0.00000	33.67596	0.06472	11	0	0.00000	0.00000	0	0.00000	0.00000	0	0.00000	0.00000	0	0.38336	0.13145	9.86747	1.00000	0	0.36810	0.13025	6.67403	1.00000	0	0.00000	0.00000	0.00000	0.00000	0	-0.02704	0.09582	0.79604	0.00000	1	0.63802	0.80370	0	0	0.00000	0	0.00000	0	0.00000	0	0.00000	0	0	0	0	0	0	1	1	0	0
5115	84.25444	10210812627989	0.00000	0.00000	33.67596	0.06472	11	0	0.00000	0.00000	0	0.00000	0.00000	0	0.00000	0.00000	0	0.38336	0.13145	9.86747	1.00000	0	0.36810	0.13025	6.67403	1.00000	0	0.00000	0.00000	0.00000	0.00000	0	-0.02704	0.09582	0.79604	0.00000	1	0.63802	0.80370	0	0	0.00000	0	0.00000	0	0.00000	0	0.00000	0	0	0	0	0	0	1	1	0	0
5116	84.27061	10210812789666	0.00000	0.00000	33.67596	0.06472	11	0	0.00000	0.00000	0	0.00000	0.00000	0	0.00000	0.00000	0	0.38336	0.13145	9.86747	1.00000	0	0.36810	0.13025	6.67403	1.00000	0	0.00000	0.00000	0.00000	0.00000	0	-0.02704	0.09582	0.79604	0.00000	1	0.63802	0.80370	0	0	0.00000	0	0.00000	0	0.00000	0	0.00000	0	0	0	0	0	0	1	1	0	0
5117	84.28669	10210812950465	0.00000	0.00000	33.67596	0.06472	11	0	0.00000	0.00000	0	0.00000	0.00000	0	0.00000	0.00000	0	0.38336	0.13145	9.86747	1.00000	0	0.36810	0.13025	6.67403	1.00000	0	0.00000	0.00000	0.00000	0.00000	0	-0.02704	0.09582	0.79604	0.00000	1	0.63802	0.80370	0	0	0.00000	0	0.00000	0	0.00000	0	0.00000	0	0	0	0	0	0	1	1	0	0
5118	84.30597	10210813143272	0.00000	0.00000	33.67596	0.06472	11	0	0.00000	0.00000	0	0.00000	0.00000	0	0.00000	0.00000	0	0.38336	0.13145	9.86747	1.00000	0	0.36810	0.13025	6.67403	1.00000	0	0.00000	0.00000	0.00000	0.00000	0	-0.02704	0.09582	0.79604	0.00000	1	0.63802	0.80370	0	0	0.00000	0	0.00000	0	0.00000	0	0.00000	0	0	0	0	0	0	1	1	0	0
5119	84.31935	10210813277135	0.00000	0.00000	33.67596	0.06472	11	0	0.00000	0.00000	0	0.00000	0.00000	0	0.00000	0.00000	0	0.38336	0.13145	9.86747	1.00000	0	0.36810	0.13025	6.67403	1.00000	0	0.00000	0.00000	0.00000	0.00000	0	-0.02704	0.09582	0.79604	0.00000	1	0.63802	0.80370	0	0	0.00000	0	0.00000	0	0.00000	0	0.00000	0	0	0	0	0	0	1	1	0	0
5120	84.33891	10210813472726	0.00000	0.00000	33.67596	0.06472	11	0	0.00000	0.00000	0	0.00000	0.00000	0	0.00000	0.00000	0	0.38336	0.13145	9.86747	1.00000	0	0.36810	0.13025	6.67403	1.00000	0	0.00000	0.00000	0.00000	0.00000	0	-0.02704	0.09582	0.79604	0.00000	1	0.63802	0.80370	0	0	0.00000	0	0.00000	0	0.00000	0	0.00000	0	0	0	0	0	0	1	1	0	0
5121	84.35279	10210813611517	0.00000	0.00000	33.67596	0.06472	11	0	0.00000	0.00000	0	0.00000	0.00000	0	0.00000	0.00000	0	0.38336	0.13145	9.86747	1.00000	0	0.36810	0.13025	6.67403	1.00000	0	0.00000	0.00000	0.00000	0.00000	0	-0.02704	0.09582	0.79604	0.00000	1	0.63802	0.80370	0	0	0.00000	0	0.00000	0	0.00000	0	0.00000	0	0	0	0	0	0	1	1	0	0
5122	84.36744	10210813757957	0.00000	0.00000	33.67596	0.06472	11	0	0.00000	0.00000	0	0.00000	0.00000	0	0.00000	0.00000	0	0.38336	0.13145	9.86747	1.00000	0	0.36810	0.13025	6.67403	1.00000	0	0.00000	0.00000	0.00000	0.00000	0	-0.02704	0.09582	0.79604	0.00000	1	0.63802	0.80370	0	0	0.00000	0	0.00000	0	0.00000	0	0.00000	0	0	0	0	0	0	1	1	0	0
5123	84.38387	10210813922347	0.00000	0.00000	33.67596	0.06472	11	0	0.00000	0.00000	0	0.00000	0.00000	0	0.00000	0.00000	0	0.38336	0.13145	9.86747	1.00000	0	0.36810	0.13025	6.67403	1.00000	0	0.00000	0.00000	0.00000	0.00000	0	-0.02704	0.09582	0.79604	0.00000	1	0.63802	0.80370	0	0	0.00000	0	0.00000	0	0.00000	0	0.00000	0	0	0	0	0	0	1	1	0	0
5124	84.40232	10210814106828	0.00000	0.00000	33.67596	0.06472	11	0	0.00000	0.00000	0	0.00000	0.00000	0	0.00000	0.00000	0	0.38336	0.13145	9.86747	1.00000	0	0.36810	0.13025	6.67403	1.00000	0	0.00000	0.00000	0.00000	0.00000	0	-0.02704	0.09582	0.79604	0.00000	1	0.63802	0.80370	0	0	0.00000	0	0.00000	0	0.00000	0	0.00000	0	0	0	0	0	0	1	1	0	0
5125	84.41615	10210814245100	0.00000	0.00000	33.67596	0.06472	11	0	0.00000	0.00000	0	0.00000	0.00000	0	0.00000	0.00000	0	0.38336	0.13145	9.86747	1.00000	0	0.36810	0.13025	6.67403	1.00000	0	0.00000	0.00000	0.00000	0.00000	0	-0.02704	0.09582	0.79604	0.00000	1	0.63802	0.80370	0	0	0.00000	0	0.00000	0	0.00000	0	0.00000	0	0	0	0	0	0	1	1	0	0
5126	84.43274	10210814410997	0.00000	0.00000	33.67596	0.06472	11	0	0.00000	0.00000	0	0.00000	0.00000	0	0.00000	0.00000	0	0.38336	0.13145	9.86747	1.00000	0	0.36810	0.13025	6.67403	1.00000	0	0.00000	0.00000	0.00000	0.00000	0	-0.02704	0.09582	0.79604	0.00000	1	0.63802	0.80370	0	0	0.00000	0	0.00000	0	0.00000	0	0.00000	0	0	0	0	0	0	1	1	0	0
5127	84.45492	10210814632776	0.00000	0.00000	33.67596	0.06472	11	0	0.00000	0.00000	0	0.00000	0.00000	0	0.00000	0.00000	0	0.38336	0.13145	9.86747	1.00000	0	0.36810	0.13025	6.67403	1.00000	0	0.00000	0.00000	0.00000	0.00000	0	-0.02704	0.09582	0.79604	0.00000	1	0.63802	0.80370	0	0	0.00000	0	0.00000	0	0.00000	0	0.00000	0	0	0	0	0	0	1	1	0	0
5128	84.46641	10210814747646	0.00000	0.00000	33.67596	0.06472	11	0	0.00000	0.00000	0	0.00000	0.00000	0	0.00000	0.00000	0	0.38336	0.13145	9.86747	1.00000	0	0.36810	0.13025	6.67403	1.00000	0	0.00000	0.00000	0.00000	0.00000	0	-0.02704	0.09582	0.79604	0.00000	1	0.63802	0.80370	0	0	0.00000	0	0.00000	0	0.00000	0	0.00000	0	0	0	0	0	0	1	1	0	0
5129	84.48172	10210814900749	0.00000	0.00000	33.67596	0.06472	11	0	0.00000	0.00000	0	0.00000	0.00000	0	0.00000	0.00000	0	0.38336	0.13145	9.86747	1.00000	0	0.36810	0.13025	6.67403	1.00000	0	0.00000	0.00000	0.00000	0.00000	0	-0.02704	0.09582	0.79604	0.00000	1	0.63802	0.80370	0	0	0.00000	0	0.00000	0	0.00000	0	0.00000	0	0	0	0	0	0	1	1	0	0
5130	84.49694	10210815053002	0.00000	0.00000	33.67596	0.06472	11	0	0.00000	0.00000	0	0.00000	0.00000	0	0.00000	0.00000	0	0.38336	0.13145	9.86747	1.00000	0	0.36810	0.13025	6.67403	1.00000	0	0.00000	0.00000	0.00000	0.00000	0	-0.02704	0.09582	0.79604	0.00000	1	0.63802	0.80370	0	0	0.00000	0	0.00000	0	0.00000	0	0.00000	0	0	0	0	0	0	1	1	0	0
5131	84.51308	10210815214326	0.00000	0.00000	33.67596	0.06472	11	0	0.00000	0.00000	0	0.00000	0.00000	0	0.00000	0.00000	0	0.38336	0.13145	9.86747	1.00000	0	0.36810	0.13025	6.67403	1.00000	0	0.00000	0.00000	0.00000	0.00000	0	-0.02704	0.09582	0.79604	0.00000	1	0.63802	0.80370	0	0	0.00000	0	0.00000	0	0.00000	0	0.00000	0	0	0	0	0	0	1	1	0	0
5132	84.52926	10210815376188	0.00000	0.00000	33.67596	0.06472	11	0	0.00000	0.00000	0	0.00000	0.00000	0	0.00000	0.00000	0	0.38336	0.13145	9.86747	1.00000	0	0.36810	0.13025	6.67403	1.00000	0	0.00000	0.00000	0.00000	0.00000	0	-0.02704	0.09582	0.79604	0.00000	1	0.64219	0.81296	0	0	0.00000	0	0.00000	0	0.00000	0	0.00000	0	0	0	0	0	0	1	1	0	0
5133	84.55066	10210815590213	0.00000	0.00000	33.67596	0.06472	11	0	0.00000	0.00000	0	0.00000	0.00000	0	0.00000	0.00000	0	0.38336	0.13145	9.86747	1.00000	0	0.36810	0.13025	6.67403	1.00000	0	0.00000	0.00000	0.00000	0.00000	0	-0.02704	0.09582	0.79604	0.00000	1	0.64219	0.81296	0	0	0.00000	0	0.00000	0	0.00000	0	0.00000	0	0	0	0	0	0	1	1	0	0
5134	84.56176	10210815701185	0.00000	0.00000	33.67596	0.06472	11	0	0.00000	0.00000	0	0.00000	0.00000	0	0.00000	0.00000	0	0.38336	0.13145	9.86747	1.00000	0	0.36810	0.13025	6.67403	1.00000	0	0.00000	0.00000	0.00000	0.00000	0	-0.02704	0.09582	0.79604	0.00000	1	0.64219	0.81389	0	0	0.00000	0	0.00000	0	0.00000	0	0.00000	0	0	0	0	0	0	1	1	0	0
5135	84.57804	10210815863987	0.00000	0.00000	33.67596	0.06472	11	0	0.00000	0.00000	0	0.00000	0.00000	0	0.00000	0.00000	0	0.38336	0.13145	9.86747	1.00000	0	0.36810	0.13025	6.67403	1.00000	0	0.00000	0.00000	0.00000	0.00000	0	-0.02704	0.09582	0.79604	0.00000	1	0.64219	0.81389	0	0	0.00000	0	0.00000	0	0.00000	0	0.00000	0	0	0	0	0	0	1	1	0	0
5136	84.59443	10210816027904	0.00000	0.00000	33.67596	0.06472	11	0	0.00000	0.00000	0	0.00000	0.00000	0	0.00000	0.00000	0	0.38336	0.13145	9.86747	1.00000	0	0.36810	0.13025	6.67403	1.00000	0	0.00000	0.00000	0.00000	0.00000	0	-0.02704	0.09582	0.79604	0.00000	1	0.64219	0.81389	0	0	0.00000	0	0.00000	0	0.00000	0	0.00000	0	0	0	0	0	0	1	1	0	0
5137	84.61012	10210816184814	0.00000	0.00000	33.67596	0.06472	11	0	0.00000	0.00000	0	0.00000	0.00000	0	0.00000	0.00000	0	0.38336	0.13145	9.86747	1.00000	0	0.36810	0.13025	6.67403	1.00000	0	0.00000	0.00000	0.00000	0.00000	0	-0.02704	0.09582	0.79604	0.00000	1	0.64219	0.81389	0	0	0.00000	0	0.00000	0	0.00000	0	0.00000	0	0	0	0	0	0	1	1	0	0
5138	84.62730	10210816356521	0.00000	0.00000	33.67596	0.06472	11	0	0.00000	0.00000	0	0.00000	0.00000	0	0.00000	0.00000	0	0.38336	0.13145	9.86747	1.00000	0	0.36810	0.13025	6.67403	1.00000	0	0.00000	0.00000	0.00000	0.00000	0	-0.02704	0.09582	0.79604	0.00000	1	0.64219	0.81481	0	0	0.00000	0	0.00000	0	0.00000	0	0.00000	0	0	0	0	0	0	1	1	0	0
5139	84.64293	10210816512859	0.00000	0.00000	33.67596	0.06472	11	0	0.00000	0.00000	0	0.00000	0.00000	0	0.00000	0.00000	0	0.38336	0.13145	9.86747	1.00000	0	0.36810	0.13025	6.67403	1.00000	0	0.00000	0.00000	0.00000	0.00000	0	-0.02704	0.09582	0.79604	0.00000	1	0.64219	0.81481	0	0	0.00000	0	0.00000	0	0.00000	0	0.00000	0	0	0	0	0	0	1	1	0	0
5140	84.65900	10210816673574	0.00000	0.00000	33.67596	0.06472	11	0	0.00000	0.00000	0	0.00000	0.00000	0	0.00000	0.00000	0	0.38336	0.13145	9.86747	1.00000	0	0.36810	0.13025	6.67403	1.00000	0	0.00000	0.00000	0.00000	0.00000	0	-0.02704	0.09582	0.79604	0.00000	1	0.64219	0.81481	0	0	0.00000	0	0.00000	0	0.00000	0	0.00000	0	0	0	0	0	0	1	1	0	0
5141	84.67484	10210816832017	0.00000	0.00000	33.67596	0.06472	11	0	0.00000	0.00000	0	0.00000	0.00000	0	0.00000	0.00000	0	0.38336	0.13145	9.86747	1.00000	0	0.36810	0.13025	6.67403	1.00000	0	0.00000	0.00000	0.00000	0.00000	0	-0.02704	0.09582	0.79604	0.00000	1	0.64219	0.81481	0	0	0.00000	0	0.00000	0	0.00000	0	0.00000	0	0	0	0	0	0	1	1	0	0
5142	84.69088	10210816992398	0.00000	0.00000	33.67596	0.06472	11	0	0.00000	0.00000	0	0.00000	0.00000	0	0.00000	0.00000	0	0.38336	0.13145	9.86747	1.00000	0	0.36810	0.13025	6.67403	1.00000	0	0.00000	0.00000	0.00000	0.00000	0	-0.02704	0.09582	0.79604	0.00000	1	0.64219	0.81481	0	0	0.00000	0	0.00000	0	0.00000	0	0.00000	0	0	0	0	0	0	1	1	0	0
5143	84.71299	10210817213483	0.00000	0.00000	33.67596	0.06472	11	0	0.00000	0.00000	0	0.00000	0.00000	0	0.00000	0.00000	0	0.38336	0.13145	9.86747	1.00000	0	0.36810	0.13025	6.67403	1.00000	0	0.00000	0.00000	0.00000	0.00000	0	-0.02704	0.09582	0.79604	0.00000	1	0.64219	0.81481	0	0	0.00000	0	0.00000	0	0.00000	0	0.00000	0	0	0	0	0	0	1	1	0	0
5144	84.72421	10210817325712	0.00000	0.00000	33.67596	0.06472	11	0	0.00000	0.00000	0	0.00000	0.00000	0	0.00000	0.00000	0	0.38336	0.13145	9.86747	1.00000	0	0.36810	0.13025	6.67403	1.00000	0	0.00000	0.00000	0.00000	0.00000	0	-0.02704	0.09582	0.79604	0.00000	1	0.64219	0.81481	0	0	0.00000	0	0.00000	0	0.00000	0	0.00000	0	0	0	0	0	0	1	1	0	0
5145	84.74654	10210817548965	0.00000	0.00000	33.67596	0.06472	11	0	0.00000	0.00000	0	0.00000	0.00000	0	0.00000	0.00000	0	0.38336	0.13145	9.86747	1.00000	0	0.36810	0.13025	6.67403	1.00000	0	0.00000	0.00000	0.00000	0.00000	0	-0.02704	0.09582	0.79604	0.00000	1	0.64219	0.81481	0	0	0.00000	0	0.00000	0	0.00000	0	0.00000	0	0	0	0	0	0	1	1	0	0
5146	84.75672	10210817650789	0.00000	0.00000	33.67596	0.06472	11	0	0.00000	0.00000	0	0.00000	0.00000	0	0.00000	0.00000	0	0.38336	0.13145	9.86747	1.00000	0	0.36810	0.13025	6.67403	1.00000	0	0.00000	0.00000	0.00000	0.00000	0	-0.02704	0.09582	0.79604	0.00000	1	0.64219	0.81481	0	0	0.00000	0	0.00000	0	0.00000	0	0.00000	0	0	0	0	0	0	1	1	0	0
5147	84.77244	10210817807984	0.00000	0.00000	33.67596	0.06472	11	0	0.00000	0.00000	0	0.00000	0.00000	0	0.00000	0.00000	0	0.38336	0.13145	9.86747	1.00000	0	0.36810	0.13025	6.67403	1.00000	0	0.00000	0.00000	0.00000	0.00000	0	-0.02704	0.09582	0.79604	0.00000	1	0.64219	0.81481	0	0	0.00000	0	0.00000	0	0.00000	0	0.00000	0	0	0	0	0	0	1	1	0	0
5148	84.79001	10210817983644	0.00000	0.00000	33.67596	0.06472	11	0	0.00000	0.00000	0	0.00000	0.00000	0	0.00000	0.00000	0	0.38336	0.13145	9.86747	1.00000	0	0.36810	0.13025	6.67403	1.00000	0	0.00000	0.00000	0.00000	0.00000	0	-0.02704	0.09582	0.79604	0.00000	1	0.64219	0.81481	0	0	0.00000	0	0.00000	0	0.00000	0	0.00000	0	0	0	0	0	0	1	1	0	0
5149	84.80403	10210818123915	0.00000	0.00000	33.67596	0.06472	11	0	0.00000	0.00000	0	0.00000	0.00000	0	0.00000	0.00000	0	0.38336	0.13145	9.86747	1.00000	0	0.36810	0.13025	6.67403	1.00000	0	0.00000	0.00000	0.00000	0.00000	0	-0.02704	0.09582	0.79604	0.00000	1	0.64219	0.81481	0	0	0.00000	0	0.00000	0	0.00000	0	0.00000	0	0	0	0	0	0	1	1	0	0
5150	84.82026	10210818286186	0.00000	0.00000	33.67596	0.06472	11	0	0.00000	0.00000	0	0.00000	0.00000	0	0.00000	0.00000	0	0.38336	0.13145	9.86747	1.00000	0	0.36810	0.13025	6.67403	1.00000	0	0.00000	0.00000	0.00000	0.00000	0	-0.02704	0.09582	0.79604	0.00000	1	0.64219	0.81481	0	0	0.00000	0	0.00000	0	0.00000	0	0.00000	0	0	0	0	0	0	1	1	0	0
5151	84.83644	10210818447988	0.00000	0.00000	33.67596	0.06472	11	0	0.00000	0.00000	0	0.00000	0.00000	0	0.00000	0.00000	0	0.38336	0.13145	9.86747	1.00000	0	0.36810	0.13025	6.67403	1.00000	0	0.00000	0.00000	0.00000	0.00000	0	-0.02704	0.09582	0.79604	0.00000	1	0.64219	0.81481	0	0	0.00000	0	0.00000	0	0.00000	0	0.00000	0	0	0	0	0	0	1	1	0	0
5152	84.85319	10210818615446	0.00000	0.00000	33.67596	0.06472	11	0	0.00000	0.00000	0	0.00000	0.00000	0	0.00000	0.00000	0	0.38336	0.13145	9.86747	1.00000	0	0.36810	0.13025	6.67403	1.00000	0	0.00000	0.00000	0.00000	0.00000	0	-0.02704	0.09582	0.79604	0.00000	1	0.64219	0.81481	0	0	0.00000	0	0.00000	0	0.00000	0	0.00000	0	0	0	0	0	0	1	1	0	0
5153	84.86903	10210818773949	0.00000	0.00000	33.67596	0.06472	11	0	0.00000	0.00000	0	0.00000	0.00000	0	0.00000	0.00000	0	0.38336	0.13145	9.86747	1.00000	0	0.36810	0.13025	6.67403	1.00000	0	0.00000	0.00000	0.00000	0.00000	0	-0.02704	0.09582	0.79604	0.00000	1	0.64219	0.81481	0	0	0.00000	0	0.00000	0	0.00000	0	0.00000	0	0	0	0	0	0	1	1	0	0
5154	84.88997	10210818983297	0.00000	0.00000	33.67596	0.06472	11	0	0.00000	0.00000	0	0.00000	0.00000	0	0.00000	0.00000	0	0.38336	0.13145	9.86747	1.00000	0	0.36810	0.13025	6.67403	1.00000	0	0.00000	0.00000	0.00000	0.00000	0	-0.02704	0.09582	0.79604	0.00000	1	0.64219	0.81481	0	0	0.00000	0	0.00000	0	0.00000	0	0.00000	0	0	0	0	0	0	1	1	0	0
5155	84.90516	10210819135181	0.00000	0.00000	33.67596	0.06472	11	0	0.00000	0.00000	0	0.00000	0.00000	0	0.00000	0.00000	0	0.38336	0.13145	9.86747	1.00000	0	0.36810	0.13025	6.67403	1.00000	0	0.00000	0.00000	0.00000	0.00000	0	-0.02704	0.09582	0.79604	0.00000	1	0.64219	0.81481	0	0	0.00000	0	0.00000	0	0.00000	0	0.00000	0	0	0	0	0	0	1	1	0	0
5156	84.92523	10210819335944	0.00000	0.00000	33.67596	0.06472	11	0	0.00000	0.00000	0	0.00000	0.00000	0	0.00000	0.00000	0	0.38336	0.13145	9.86747	1.00000	0	0.36810	0.13025	6.67403	1.00000	0	0.00000	0.00000	0.00000	0.00000	0	-0.02704	0.09582	0.79604	0.00000	1	0.64219	0.81481	0	0	0.00000	0	0.00000	0	0.00000	0	0.00000	0	0	0	0	0	0	1	1	0	0
5157	84.93854	10210819468928	0.00000	0.00000	33.67596	0.06472	11	0	0.00000	0.00000	0	0.00000	0.00000	0	0.00000	0.00000	0	0.38336	0.13145	9.86747	1.00000	0	0.36810	0.13025	6.67403	1.00000	0	0.00000	0.00000	0.00000	0.00000	0	-0.02704	0.09582	0.79604	0.00000	1	0.64219	0.81481	0	0	0.00000	0	0.00000	0	0.00000	0	0.00000	0	0	0	0	0	0	1	1	0	0
5158	84.95007	10210819584216	0.00000	0.00000	33.67596	0.06472	11	0	0.00000	0.00000	0	0.00000	0.00000	0	0.00000	0.00000	0	0.38336	0.13145	9.86747	1.00000	0	0.36810	0.13025	6.67403	1.00000	0	0.00000	0.00000	0.00000	0.00000	0	-0.02704	0.09582	0.79604	0.00000	1	0.64219	0.81481	0	0	0.00000	0	0.00000	0	0.00000	0	0.00000	0	0	0	0	0	0	1	1	0	0
5159	84.96613	10210819744871	0.00000	0.00000	33.67596	0.06472	11	0	0.00000	0.00000	0	0.00000	0.00000	0	0.00000	0.00000	0	0.38336	0.13145	9.86747	1.00000	0	0.36810	0.13025	6.67403	1.00000	0	0.00000	0.00000	0.00000	0.00000	0	-0.02704	0.09582	0.79604	0.00000	1	0.64219	0.81481	0	0	0.00000	0	0.00000	0	0.00000	0	0.00000	0	0	0	0	0	0	1	1	0	0
5160	84.98499	10210819933512	0.00000	0.00000	33.67596	0.06472	11	0	0.00000	0.00000	0	0.00000	0.00000	0	0.00000	0.00000	0	0.38336	0.13145	9.86747	1.00000	0	0.36810	0.13025	6.67403	1.00000	0	0.00000	0.00000	0.00000	0.00000	0	-0.02704	0.09582	0.79604	0.00000	1	0.64219	0.81481	0	0	0.00000	0	0.00000	0	0.00000	0	0.00000	0	0	0	0	0	0	1	1	0	0
5161	84.99859	10210820069458	0.00000	0.00000	33.67596	0.06472	11	0	0.00000	0.00000	0	0.00000	0.00000	0	0.00000	0.00000	0	0.38336	0.13145	9.86747	1.00000	0	0.36810	0.13025	6.67403	1.00000	0	0.00000	0.00000	0.00000	0.00000	0	-0.02704	0.09582	0.79604	0.00000	1	0.64219	0.81481	0	0	0.00000	0	0.00000	0	0.00000	0	0.00000	0	0	0	0	0	0	1	1	0	0
5162	85.01485	10210820232118	0.00000	0.00000	33.67596	0.06472	11	0	0.00000	0.00000	0	0.00000	0.00000	0	0.00000	0.00000	0	0.38336	0.13145	9.86747	1.00000	0	0.36810	0.13025	6.67403	1.00000	0	0.00000	0.00000	0.00000	0.00000	0	-0.02704	0.09582	0.79604	0.00000	1	0.64219	0.81481	0	0	0.00000	0	0.00000	0	0.00000	0	0.00000	0	0	0	0	0	0	1	1	0	0
5163	85.03098	10210820393373	0.00000	0.00000	33.67596	0.06472	11	0	0.00000	0.00000	0	0.00000	0.00000	0	0.00000	0.00000	0	0.38336	0.13145	9.86747	1.00000	0	0.36810	0.13025	6.67403	1.00000	0	0.00000	0.00000	0.00000	0.00000	0	-0.02704	0.09582	0.79604	0.00000	1	0.64219	0.81481	0	0	0.00000	0	0.00000	0	0.00000	0	0.00000	0	0	0	0	0	0	1	1	0	0
5164	85.04705	10210820554122	0.00000	0.00000	33.67596	0.06472	11	0	0.00000	0.00000	0	0.00000	0.00000	0	0.00000	0.00000	0	0.38336	0.13145	9.86747	1.00000	0	0.36810	0.13025	6.67403	1.00000	0	0.00000	0.00000	0.00000	0.00000	0	-0.02704	0.09582	0.79604	0.00000	1	0.64219	0.81481	0	0	0.00000	0	0.00000	0	0.00000	0	0.00000	0	0	0	0	0	0	1	1	0	0
5165	85.06343	10210820717869	0.00000	0.00000	33.67596	0.06472	11	0	0.00000	0.00000	0	0.00000	0.00000	0	0.00000	0.00000	0	0.38336	0.13145	9.86747	1.00000	0	0.36810	0.13025	6.67403	1.00000	0	0.00000	0.00000	0.00000	0.00000	0	-0.02704	0.09582	0.79604	0.00000	1	0.64219	0.81481	0	0	0.00000	0	0.00000	0	0.00000	0	0.00000	0	0	0	0	0	0	1	1	0	0
5166	85.07906	10210820874258	0.00000	0.00000	33.67596	0.06472	11	0	0.00000	0.00000	0	0.00000	0.00000	0	0.00000	0.00000	0	0.38336	0.13145	9.86747	1.00000	0	0.36810	0.13025	6.67403	1.00000	0	0.00000	0.00000	0.00000	0.00000	0	-0.02704	0.09582	0.79604	0.00000	1	0.64219	0.81481	0	0	0.00000	0	0.00000	0	0.00000	0	0.00000	0	0	0	0	0	0	1	1	0	0
5167	85.09547	10210821038341	0.00000	0.00000	33.67596	0.06472	11	0	0.00000	0.00000	0	0.00000	0.00000	0	0.00000	0.00000	0	0.38336	0.13145	9.86747	1.00000	0	0.36810	0.13025	6.67403	1.00000	0	0.00000	0.00000	0.00000	0.00000	0	-0.02704	0.09582	0.79604	0.00000	1	0.64219	0.81481	0	0	0.00000	0	0.00000	0	0.00000	0	0.00000	0	0	0	0	0	0	1	1	0	0
5168	85.11533	10210821236872	0.00000	0.00000	33.67596	0.06472	11	0	0.00000	0.00000	0	0.00000	0.00000	0	0.00000	0.00000	0	0.38336	0.13145	9.86747	1.00000	0	0.36810	0.13025	6.67403	1.00000	0	0.00000	0.00000	0.00000	0.00000	0	-0.02704	0.09582	0.79604	0.00000	1	0.64219	0.81481	0	0	0.00000	0	0.00000	0	0.00000	0	0.00000	0	0	0	0	0	0	1	1	0	0
5169	85.12769	10210821360548	0.00000	0.00000	33.67596	0.06472	11	0	0.00000	0.00000	0	0.00000	0.00000	0	0.00000	0.00000	0	0.38336	0.13145	9.86747	1.00000	0	0.36810	0.13025	6.67403	1.00000	0	0.00000	0.00000	0.00000	0.00000	0	-0.02704	0.09582	0.79604	0.00000	1	0.64219	0.81481	0	0	0.00000	0	0.00000	0	0.00000	0	0.00000	0	0	0	0	0	0	1	1	0	0
5170	85.14776	10210821561194	0.00000	0.00000	33.67596	0.06472	11	0	0.00000	0.00000	0	0.00000	0.00000	0	0.00000	0.00000	0	0.38336	0.13145	9.86747	1.00000	0	0.36810	0.13025	6.67403	1.00000	0	0.00000	0.00000	0.00000	0.00000	0	-0.02704	0.09582	0.79604	0.00000	1	0.64219	0.81481	0	0	0.00000	0	0.00000	0	0.00000	0	0.00000	0	0	0	0	0	0	1	1	0	0
5171	85.16158	10210821699401	0.00000	0.00000	33.67596	0.06472	11	0	0.00000	0.00000	0	0.00000	0.00000	0	0.00000	0.00000	0	0.38336	0.13145	9.86747	1.00000	0	0.36810	0.13025	6.67403	1.00000	0	0.00000	0.00000	0.00000	0.00000	0	-0.02704	0.09582	0.79604	0.00000	1	0.64219	0.81481	0	0	0.00000	0	0.00000	0	0.00000	0	0.00000	0	0	0	0	0	0	1	1	0	0
5172	85.17638	10210821847336	0.00000	0.00000	33.67596	0.06472	11	0	0.00000	0.00000	0	0.00000	0.00000	0	0.00000	0.00000	0	0.38336	0.13145	9.86747	1.00000	0	0.36810	0.13025	6.67403	1.00000	0	0.00000	0.00000	0.00000	0.00000	0	-0.02704	0.09582	0.79604	0.00000	1	0.64219	0.81481	0	0	0.00000	0	0.00000	0	0.00000	0	0.00000	0	0	0	0	0	0	1	1	0	0
5173	85.19340	10210822017596	0.00000	0.00000	33.67596	0.06472	11	0	0.00000	0.00000	0	0.00000	0.00000	0	0.00000	0.00000	0	0.38336	0.13145	9.86747	1.00000	0	0.36810	0.13025	6.67403	1.00000	0	0.00000	0.00000	0.00000	0.00000	0	-0.02704	0.09582	0.79604	0.00000	1	0.64219	0.81481	0	0	0.00000	0	0.00000	0	0.00000	0	0.00000	0	0	0	0	0	0	1	1	0	0
5174	85.20949	10210822178434	0.00000	0.00000	33.67596	0.06472	11	0	0.00000	0.00000	0	0.00000	0.00000	0	0.00000	0.00000	0	0.38336	0.13145	9.86747	1.00000	0	0.36810	0.13025	6.67403	1.00000	0	0.00000	0.00000	0.00000	0.00000	0	-0.02704	0.09582	0.79604	0.00000	1	0.64219	0.81481	0	0	0.00000	0	0.00000	0	0.00000	0	0.00000	0	0	0	0	0	0	1	1	0	0
5175	85.22501	10210822333614	0.00000	0.00000	33.67596	0.06472	11	0	0.00000	0.00000	0	0.00000	0.00000	0	0.00000	0.00000	0	0.38336	0.13145	9.86747	1.00000	0	0.36810	0.13025	6.67403	1.00000	0	0.00000	0.00000	0.00000	0.00000	0	-0.02704	0.09582	0.79604	0.00000	1	0.64219	0.81481	0	0	0.00000	0	0.00000	0	0.00000	0	0.00000	0	0	0	0	0	0	1	1	0	0
5176	85.24107	10210822494232	0.00000	0.00000	33.67596	0.06472	11	0	0.00000	0.00000	0	0.00000	0.00000	0	0.00000	0.00000	0	0.38336	0.13145	9.86747	1.00000	0	0.36810	0.13025	6.67403	1.00000	0	0.00000	0.00000	0.00000	0.00000	0	-0.02704	0.09582	0.79604	0.00000	1	0.64219	0.81481	0	0	0.00000	0	0.00000	0	0.00000	0	0.00000	0	0	0	0	0	0	1	1	0	0
5177	85.26039	10210822687472	0.00000	0.00000	33.67596	0.06472	11	0	0.00000	0.00000	0	0.00000	0.00000	0	0.00000	0.00000	0	0.38336	0.13145	9.86747	1.00000	0	0.36810	0.13025	6.67403	1.00000	0	0.00000	0.00000	0.00000	0.00000	0	-0.02704	0.09582	0.79604	0.00000	1	0.64219	0.81481	0	0	0.00000	0	0.00000	0	0.00000	0	0.00000	0	0	0	0	0	0	1	1	0	0
5178	85.27905	10210822874095	0.00000	0.00000	33.67596	0.06472	11	0	0.00000	0.00000	0	0.00000	0.00000	0	0.00000	0.00000	0	0.38336	0.13145	9.86747	1.00000	0	0.36810	0.13025	6.67403	1.00000	0	0.00000	0.00000	0.00000	0.00000	0	-0.02704	0.09582	0.79604	0.00000	1	0.64219	0.81481	0	0	0.00000	0	0.00000	0	0.00000	0	0.00000	0	0	0	0	0	0	1	1	0	0
5179	85.28944	10210822978062	0.00000	0.00000	33.67596	0.06472	11	0	0.00000	0.00000	0	0.00000	0.00000	0	0.00000	0.00000	0	0.38336	0.13145	9.86747	1.00000	0	0.36810	0.13025	6.67403	1.00000	0	0.00000	0.00000	0.00000	0.00000	0	-0.02704	0.09582	0.79604	0.00000	1	0.64219	0.81481	0	0	0.00000	0	0.00000	0	0.00000	0	0.00000	0	0	0	0	0	0	1	1	0	0
5180	85.30552	10210823138803	0.00000	0.00000	33.67596	0.06472	11	0	0.00000	0.00000	0	0.00000	0.00000	0	0.00000	0.00000	0	0.38336	0.13145	9.86747	1.00000	0	0.36810	0.13025	6.67403	1.00000	0	0.00000	0.00000	0.00000	0.00000	0	-0.02704	0.09582	0.79604	0.00000	1	0.64219	0.81481	0	0	0.00000	0	0.00000	0	0.00000	0	0.00000	0	0	0	0	0	0	1	1	0	0
5181	85.32215	10210823305069	0.00000	0.00000	33.67596	0.06472	11	0	0.00000	0.00000	0	0.00000	0.00000	0	0.00000	0.00000	0	0.38336	0.13145	9.86747	1.00000	0	0.36810	0.13025	6.67403	1.00000	0	0.00000	0.00000	0.00000	0.00000	0	-0.02704	0.09582	0.79604	0.00000	1	0.64219	0.81481	0	0	0.00000	0	0.00000	0	0.00000	0	0.00000	0	0	0	0	0	0	1	1	0	0
5182	85.33792	10210823462797	0.00000	0.00000	33.67596	0.06472	11	0	0.00000	0.00000	0	0.00000	0.00000	0	0.00000	0.00000	0	0.38336	0.13145	9.86747	1.00000	0	0.36810	0.13025	6.67403	1.00000	0	0.00000	0.00000	0.00000	0.00000	0	-0.02704	0.09582	0.79604	0.00000	1	0.64219	0.81481	0	0	0.00000	0	0.00000	0	0.00000	0	0.00000	0	0	0	0	0	0	1	1	0	0
5183	85.35403	10210823623942	0.00000	0.00000	33.67596	0.06472	11	0	0.00000	0.00000	0	0.00000	0.00000	0	0.00000	0.00000	0	0.38336	0.13145	9.86747	1.00000	0	0.36810	0.13025	6.67403	1.00000	0	0.00000	0.00000	0.00000	0.00000	0	-0.02704	0.09582	0.79604	0.00000	1	0.64219	0.81481	0	0	0.00000	0	0.00000	0	0.00000	0	0.00000	0	0	0	0	0	0	1	1	0	0
5184	85.37159	10210823799476	0.00000	0.00000	33.67596	0.06472	11	0	0.00000	0.00000	0	0.00000	0.00000	0	0.00000	0.00000	0	0.38336	0.13145	9.86747	1.00000	0	0.36810	0.13025	6.67403	1.00000	0	0.00000	0.00000	0.00000	0.00000	0	-0.02704	0.09582	0.79604	0.00000	1	0.64219	0.81481	0	0	0.00000	0	0.00000	0	0.00000	0	0.00000	0	0	0	0	0	0	1	1	0	0
5185	85.38636	10210823947163	0.00000	0.00000	33.67596	0.06472	11	0	0.00000	0.00000	0	0.00000	0.00000	0	0.00000	0.00000	0	0.38336	0.13145	9.86747	1.00000	0	0.36810	0.13025	6.67403	1.00000	0	0.00000	0.00000	0.00000	0.00000	0	-0.02704	0.09582	0.79604	0.00000	1	0.64219	0.81481	0	0	0.00000	0	0.00000	0	0.00000	0	0.00000	0	0	0	0	0	0	1	1	0	0
5186	85.40267	10210824110279	0.00000	0.00000	33.67596	0.06472	11	0	0.00000	0.00000	0	0.00000	0.00000	0	0.00000	0.00000	0	0.38336	0.13145	9.86747	1.00000	0	0.36810	0.13025	6.67403	1.00000	0	0.00000	0.00000	0.00000	0.00000	0	-0.02704	0.09582	0.79604	0.00000	1	0.64219	0.81481	0	0	0.00000	0	0.00000	0	0.00000	0	0.00000	0	0	0	0	0	0	1	1	0	0
5187	85.41876	10210824271211	0.00000	0.00000	33.67596	0.06472	11	0	0.00000	0.00000	0	0.00000	0.00000	0	0.00000	0.00000	0	0.38336	0.13145	9.86747	1.00000	0	0.36810	0.13025	6.67403	1.00000	0	0.00000	0.00000	0.00000	0.00000	0	-0.02704	0.09582	0.79604	0.00000	1	0.64219	0.81481	0	0	0.00000	0	0.00000	0	0.00000	0	0.00000	0	0	0	0	0	0	1	1	0	0
5188	85.43534	10210824437024	0.00000	0.00000	33.67596	0.06472	11	0	0.00000	0.00000	0	0.00000	0.00000	0	0.00000	0.00000	0	0.38336	0.13145	9.86747	1.00000	0	0.36810	0.13025	6.67403	1.00000	0	0.00000	0.00000	0.00000	0.00000	0	-0.02704	0.09582	0.79604	0.00000	1	0.64219	0.81481	0	0	0.00000	0	0.00000	0	0.00000	0	0.00000	0	0	0	0	0	0	1	1	0	0
5189	85.45113	10210824594851	0.00000	0.00000	33.67596	0.06472	11	0	0.00000	0.00000	0	0.00000	0.00000	0	0.00000	0.00000	0	0.38336	0.13145	9.86747	1.00000	0	0.36810	0.13025	6.67403	1.00000	0	0.00000	0.00000	0.00000	0.00000	0	-0.02704	0.09582	0.79604	0.00000	1	0.64219	0.81481	0	0	0.00000	0	0.00000	0	0.00000	0	0.00000	0	0	0	0	0	0	1	1	0	0
5190	85.46741	10210824757708	0.00000	0.00000	33.67596	0.06472	11	0	0.00000	0.00000	0	0.00000	0.00000	0	0.00000	0.00000	0	0.38336	0.13145	9.86747	1.00000	0	0.36810	0.13025	6.67403	1.00000	0	0.00000	0.00000	0.00000	0.00000	0	-0.02704	0.09582	0.79604	0.00000	1	0.64219	0.81481	0	0	0.00000	0	0.00000	0	0.00000	0	0.00000	0	0	0	0	0	0	1	1	0	0
5191	85.48347	10210824918369	0.00000	0.00000	33.67596	0.06472	11	0	0.00000	0.00000	0	0.00000	0.00000	0	0.00000	0.00000	0	0.38336	0.13145	9.86747	1.00000	0	0.36810	0.13025	6.67403	1.00000	0	0.00000	0.00000	0.00000	0.00000	0	-0.02704	0.09582	0.79604	0.00000	1	0.64219	0.81481	0	0	0.00000	0	0.00000	0	0.00000	0	0.00000	0	0	0	0	0	0	1	1	0	0
5192	85.50017	10210825085241	0.00000	0.00000	33.67596	0.06472	11	0	0.00000	0.00000	0	0.00000	0.00000	0	0.00000	0.00000	0	0.38336	0.13145	9.86747	1.00000	0	0.36810	0.13025	6.67403	1.00000	0	0.00000	0.00000	0.00000	0.00000	0	-0.02704	0.09582	0.79604	0.00000	1	0.64219	0.81481	0	0	0.00000	0	0.00000	0	0.00000	0	0.00000	0	0	0	0	0	0	1	1	0	0
5193	85.51601	10210825243709	0.00000	0.00000	33.67596	0.06472	11	0	0.00000	0.00000	0	0.00000	0.00000	0	0.00000	0.00000	0	0.38336	0.13145	9.86747	1.00000	0	0.36810	0.13025	6.67403	1.00000	0	0.00000	0.00000	0.00000	0.00000	0	-0.02704	0.09582	0.79604	0.00000	1	0.64219	0.81481	0	0	0.00000	0	0.00000	0	0.00000	0	0.00000	0	0	0	0	0	0	1	1	0	0
5194	85.53214	10210825404926	0.00000	0.00000	33.67596	0.06472	11	0	0.00000	0.00000	0	0.00000	0.00000	0	0.00000	0.00000	0	0.38336	0.13145	9.86747	1.00000	0	0.36810	0.13025	6.67403	1.00000	0	0.00000	0.00000	0.00000	0.00000	0	-0.02704	0.09582	0.79604	0.00000	1	0.64219	0.81481	0	0	0.00000	0	0.00000	0	0.00000	0	0.00000	0	0	0	0	0	0	1	1	0	0
5195	85.55028	10210825586342	0.00000	0.00000	33.67596	0.06472	11	0	0.00000	0.00000	0	0.00000	0.00000	0	0.00000	0.00000	0	0.38336	0.13145	9.86747	1.00000	0	0.36810	0.13025	6.67403	1.00000	0	0.00000	0.00000	0.00000	0.00000	0	-0.02704	0.09582	0.79604	0.00000	1	0.64219	0.81481	0	0	0.00000	0	0.00000	0	0.00000	0	0.00000	0	0	0	0	0	0	1	1	0	0
5196	85.56435	10210825727124	0.00000	0.00000	33.67596	0.06472	11	0	0.00000	0.00000	0	0.00000	0.00000	0	0.00000	0.00000	0	0.38336	0.13145	9.86747	1.00000	0	0.36810	0.13025	6.67403	1.00000	0	0.00000	0.00000	0.00000	0.00000	0	-0.02704	0.09582	0.79604	0.00000	1	0.64219	0.81481	0	0	0.00000	0	0.00000	0	0.00000	0	0.00000	0	0	0	0	0	0	1	1	0	0
5197	85.58084	10210825892001	0.00000	0.00000	33.67596	0.06472	11	0	0.00000	0.00000	0	0.00000	0.00000	0	0.00000	0.00000	0	0.38336	0.13145	9.86747	1.00000	0	0.36810	0.13025	6.67403	1.00000	0	0.00000	0.00000	0.00000	0.00000	0	-0.02704	0.09582	0.79604	0.00000	1	0.64219	0.81481	0	0	0.00000	0	0.00000	0	0.00000	0	0.00000	0	0	0	0	0	0	1	1	0	0
5198	85.59685	10210826052082	0.00000	0.00000	33.67596	0.06472	11	0	0.00000	0.00000	0	0.00000	0.00000	0	0.00000	0.00000	0	0.38336	0.13145	9.86747	1.00000	0	0.36810	0.13025	6.67403	1.00000	0	0.00000	0.00000	0.00000	0.00000	0	-0.02704	0.09582	0.79604	0.00000	1	0.64219	0.81481	0	0	0.00000	0	0.00000	0	0.00000	0	0.00000	0	0	0	0	0	0	1	1	0	0
5199	85.61989	10210826282433	0.00000	0.00000	33.67596	0.06472	11	0	0.00000	0.00000	0	0.00000	0.00000	0	0.00000	0.00000	0	0.38336	0.13145	9.86747	1.00000	0	0.36810	0.13025	6.67403	1.00000	0	0.00000	0.00000	0.00000	0.00000	0	-0.02704	0.09582	0.79604	0.00000	1	0.64219	0.81481	0	0	0.00000	0	0.00000	0	0.00000	0	0.00000	0	0	0	0	0	0	1	1	0	0
5200	85.62981	10210826381698	0.00000	0.00000	33.67596	0.06472	11	0	0.00000	0.00000	0	0.00000	0.00000	0	0.00000	0.00000	0	0.38336	0.13145	9.86747	1.00000	0	0.36810	0.13025	6.67403	1.00000	0	0.00000	0.00000	0.00000	0.00000	0	-0.02704	0.09582	0.79604	0.00000	1	0.64219	0.81481	0	0	0.00000	0	0.00000	0	0.00000	0	0.00000	0	0	0	0	0	0	1	1	0	0
5201	85.65182	10210826601800	0.00000	0.00000	33.67596	0.06472	11	0	0.00000	0.00000	0	0.00000	0.00000	0	0.00000	0.00000	0	0.38336	0.13145	9.86747	1.00000	0	0.36810	0.13025	6.67403	1.00000	0	0.00000	0.00000	0.00000	0.00000	0	-0.02704	0.09582	0.79604	0.00000	1	0.64219	0.81481	0	0	0.00000	0	0.00000	0	0.00000	0	0.00000	0	0	0	0	0	0	1	1	0	0
5202	85.66164	10210826699917	0.00000	0.00000	33.67596	0.06472	11	0	0.00000	0.00000	0	0.00000	0.00000	0	0.00000	0.00000	0	0.38336	0.13145	9.86747	1.00000	0	0.36810	0.13025	6.67403	1.00000	0	0.00000	0.00000	0.00000	0.00000	0	-0.02704	0.09582	0.79604	0.00000	1	0.64219	0.81481	0	0	0.00000	0	0.00000	0	0.00000	0	0.00000	0	0	0	0	0	0	1	1	0	0
5203	85.67981	10210826881682	0.00000	0.00000	33.67596	0.06472	11	0	0.00000	0.00000	0	0.00000	0.00000	0	0.00000	0.00000	0	0.38336	0.13145	9.86747	1.00000	0	0.36810	0.13025	6.67403	1.00000	0	0.00000	0.00000	0.00000	0.00000	0	-0.02704	0.09582	0.79604	0.00000	1	0.64219	0.81481	0	0	0.00000	0	0.00000	0	0.00000	0	0.00000	0	0	0	0	0	0	1	1	0	0
5204	85.69379	10210827021450	0.00000	0.00000	33.67596	0.06472	11	0	0.00000	0.00000	0	0.00000	0.00000	0	0.00000	0.00000	0	0.38336	0.13145	9.86747	1.00000	0	0.36810	0.13025	6.67403	1.00000	0	0.00000	0.00000	0.00000	0.00000	0	-0.02704	0.09582	0.79604	0.00000	1	0.64219	0.81481	0	0	0.00000	0	0.00000	0	0.00000	0	0.00000	0	0	0	0	0	0	1	1	0	0
5205	85.71204	10210827204008	0.00000	0.00000	33.67596	0.06472	11	0	0.00000	0.00000	0	0.00000	0.00000	0	0.00000	0.00000	0	0.38336	0.13145	9.86747	1.00000	0	0.36810	0.13025	6.67403	1.00000	0	0.00000	0.00000	0.00000	0.00000	0	-0.02704	0.09582	0.79604	0.00000	1	0.64219	0.81481	0	0	0.00000	0	0.00000	0	0.00000	0	0.00000	0	0	0	0	0	0	1	1	0	0
5206	85.72639	10210827347440	0.00000	0.00000	33.67596	0.06472	11	0	0.00000	0.00000	0	0.00000	0.00000	0	0.00000	0.00000	0	0.38336	0.13145	9.86747	1.00000	0	0.36810	0.13025	6.67403	1.00000	0	0.00000	0.00000	0.00000	0.00000	0	-0.02704	0.09582	0.79604	0.00000	1	0.64219	0.81481	0	0	0.00000	0	0.00000	0	0.00000	0	0.00000	0	0	0	0	0	0	1	1	0	0
5207	85.74279	10210827511475	0.00000	0.00000	33.67596	0.06472	11	0	0.00000	0.00000	0	0.00000	0.00000	0	0.00000	0.00000	0	0.38336	0.13145	9.86747	1.00000	0	0.36810	0.13025	6.67403	1.00000	0	0.00000	0.00000	0.00000	0.00000	0	-0.02704	0.09582	0.79604	0.00000	1	0.64219	0.81481	0	0	0.00000	0	0.00000	0	0.00000	0	0.00000	0	0	0	0	0	0	1	1	0	0
5208	85.76086	10210827692195	0.00000	0.00000	33.67596	0.06472	11	0	0.00000	0.00000	0	0.00000	0.00000	0	0.00000	0.00000	0	0.38336	0.13145	9.86747	1.00000	0	0.36810	0.13025	6.67403	1.00000	0	0.00000	0.00000	0.00000	0.00000	0	-0.02704	0.09582	0.79604	0.00000	1	0.64219	0.81481	0	0	0.00000	0	0.00000	0	0.00000	0	0.00000	0	0	0	0	0	0	1	1	0	0
5209	85.77473	10210827830958	0.00000	0.00000	33.67596	0.06472	11	0	0.00000	0.00000	0	0.00000	0.00000	0	0.00000	0.00000	0	0.38336	0.13145	9.86747	1.00000	0	0.36810	0.13025	6.67403	1.00000	0	0.00000	0.00000	0.00000	0.00000	0	-0.02704	0.09582	0.79604	0.00000	1	0.64219	0.81481	0	0	0.00000	0	0.00000	0	0.00000	0	0.00000	0	0	0	0	0	0	1	1	0	0
5210	85.79084	10210827991953	0.00000	0.00000	33.67596	0.06472	11	0	0.00000	0.00000	0	0.00000	0.00000	0	0.00000	0.00000	0	0.38336	0.13145	9.86747	1.00000	0	0.36810	0.13025	6.67403	1.00000	0	0.00000	0.00000	0.00000	0.00000	0	-0.02704	0.09582	0.79604	0.00000	1	0.64219	0.81481	0	0	0.00000	0	0.00000	0	0.00000	0	0.00000	0	0	0	0	0	0	1	1	0	0
5211	85.80701	10210828153712	0.00000	0.00000	33.67596	0.06472	11	0	0.00000	0.00000	0	0.00000	0.00000	0	0.00000	0.00000	0	0.38336	0.13145	9.86747	1.00000	0	0.36810	0.13025	6.67403	1.00000	0	0.00000	0.00000	0.00000	0.00000	0	-0.02704	0.09582	0.79604	0.00000	1	0.64219	0.81481	0	0	0.00000	0	0.00000	0	0.00000	0	0.00000	0	0	0	0	0	0	1	1	0	0
5212	85.82307	10210828314240	0.00000	0.00000	33.67596	0.06472	11	0	0.00000	0.00000	0	0.00000	0.00000	0	0.00000	0.00000	0	0.38336	0.13145	9.86747	1.00000	0	0.36810	0.13025	6.67403	1.00000	0	0.00000	0.00000	0.00000	0.00000	0	-0.02704	0.09582	0.79604	0.00000	1	0.64219	0.81481	0	0	0.00000	0	0.00000	0	0.00000	0	0.00000	0	0	0	0	0	0	1	1	0	0
5213	85.83965	10210828480030	0.00000	0.00000	33.67596	0.06472	11	0	0.00000	0.00000	0	0.00000	0.00000	0	0.00000	0.00000	0	0.38336	0.13145	9.86747	1.00000	0	0.36810	0.13025	6.67403	1.00000	0	0.00000	0.00000	0.00000	0.00000	0	-0.02704	0.09582	0.79604	0.00000	1	0.64219	0.81481	0	0	0.00000	0	0.00000	0	0.00000	0	0.00000	0	0	0	0	0	0	1	1	0	0
5214	85.85551	10210828638687	0.00000	0.00000	33.67596	0.06472	11	0	0.00000	0.00000	0	0.00000	0.00000	0	0.00000	0.00000	0	0.38336	0.13145	9.86747	1.00000	0	0.36810	0.13025	6.67403	1.00000	0	0.00000	0.00000	0.00000	0.00000	0	-0.02704	0.09582	0.79604	0.00000	1	0.64219	0.81481	0	0	0.00000	0	0.00000	0	0.00000	0	0.00000	0	0	0	0	0	0	1	1	0	STOP_TEXT
5215	85.87207	10210828804282	0.00000	0.00000	33.67596	0.06472	11	0	0.00000	0.00000	0	0.00000	0.00000	0	0.00000	0.00000	0	0.38336	0.13145	9.86747	1.00000	0	0.36810	0.13025	6.67403	1.00000	0	0.00000	0.00000	0.00000	0.00000	0	-0.02704	0.09582	0.79604	0.00000	1	0.64219	0.81481	0	0	0.00000	0	0.00000	0	0.00000	0	0.00000	0	0	0	0	0	0	1	1	0	
